id;name;uuid;amount;date_time;payment_info
1;Kentucky;Ergonomic Concrete Soap;47193;2021-01-09T15:45:12;COM Representative empowering
2;US Dollar;Buckinghamshire orchestrate grow;18598;2021-01-09T19:14:14;cross-platform implement
3;Haiti;Strategist Innovative Fresh;28894;2021-01-09T13:07:54;Cotton Executive
4;Operations;Auto Loan Account Zimbabwe;98441;2021-01-09T17:46:23;Sleek Fresh Ball interface multi-state
5;withdrawal navigating scalable;Course;2755;2021-01-08T19:46:19;digital cross-platform end-to-end
6;optimize;Awesome Berkshire Pizza;88371;2021-01-08T20:20:31;Regional Northern Mariana Islands Forest
7;Fantastic;clear-thinking enable transmit;55214;2021-01-09T15:21:32;optical Costa Rica CFA Franc BEAC
8;plum Clothing port;capacitor invoice;27839;2021-01-09T18:42:32;maximize USB
9;Corporate JSON;Montana models South Carolina;85257;2021-01-09T14:06:43;Tools Svalbard & Jan Mayen Islands
10;metrics Architect even-keeled;Savings Account Denar intangible;40767;2021-01-08T23:06:13;Lek Developer silver
